Index,Product Name,Price,Website
<sha256 _hashlib.HASH object @ 0x1427cb410>,neutrogena ultra sheer dry - touch sunblock - spf 50 pa+++,567.0,https://www.flipkart.com/neutrogena-ultra-sheer-dry-touch-sunblock-spf-50-pa/p/itmf3ybdgwmahs8r?pid=SNREZTSHV7GAKJZH&lid=LSTSNREZTSHV7GAKJZH0VY6O0&marketplace=FLIPKART&q=neutrogena+sunscreen&store=search.flipkart.com&srno=s_1_1&otracker=search&fm=organic&iid=2a7b301a-7d86-4a77-9e98-57c07278a121.SNREZTSHV7GAKJZH.SEARCH&ppt=None&ppn=None&ssid=g7s1k6suxc0000001678595514076&qH=e14a1b7a30fecf87
<sha256 _hashlib.HASH object @ 0x1427cb450>,neutrogena sheer zinc dry touch sunscreen spf50+ - spf 50+ pa+++,807.0,https://www.flipkart.com/neutrogena-sheer-zinc-dry-touch-sunscreen-spf50-spf-50-pa/p/itmfgrtyxvtcpctz?pid=SNRFGRSZHYEQ2QVF&lid=LSTSNRFGRSZHYEQ2QVFDP2VOZ&marketplace=FLIPKART&q=neutrogena+sunscreen&store=search.flipkart.com&srno=s_1_2&otracker=search&fm=organic&iid=2a7b301a-7d86-4a77-9e98-57c07278a121.SNRFGRSZHYEQ2QVF.SEARCH&ppt=None&ppn=None&ssid=g7s1k6suxc0000001678595514076&qH=e14a1b7a30fecf87
<sha256 _hashlib.HASH object @ 0x1427cb410>,neutrogena ultra sheer sunblock cream - spf 50 pa+++,244.0,https://www.flipkart.com/neutrogena-ultra-sheer-sunblock-cream-spf-50-pa/p/itmfft8gqtgfg7cb?pid=SNREZTSCQHWRE2MD&lid=LSTSNREZTSCQHWRE2MDCRZ4LT&marketplace=FLIPKART&q=neutrogena+sunscreen&store=search.flipkart.com&srno=s_1_3&otracker=search&fm=organic&iid=2a7b301a-7d86-4a77-9e98-57c07278a121.SNREZTSCQHWRE2MD.SEARCH&ppt=None&ppn=None&ssid=g7s1k6suxc0000001678595514076&qH=e14a1b7a30fecf87
<sha256 _hashlib.HASH object @ 0x1427cb450>,the derma co pore minimizing priming sunscreen with spf 50 & pa+++ for open pores - spf 50 pa+++,359.0,https://www.flipkart.com/derma-co-pore-minimizing-priming-sunscreen-spf-50-pa-open-pores/p/itm6022720b2f742?pid=SNRGJ9AAUH9UVJQJ&lid=LSTSNRGJ9AAUH9UVJQJLFXQLM&marketplace=FLIPKART&q=neutrogena+sunscreen&store=search.flipkart.com&srno=s_1_4&otracker=search&fm=organic&iid=en_vDJAqULfCjAD9UW5Rc6px9aEr5yL%2B%2FJswW9VoIsTKTyWtSR6Sd4zv79Viepcv%2BKZjZEsao%2FaXRCVJe0fg8PdCQ%3D%3D&ppt=None&ppn=None&ssid=g7s1k6suxc0000001678595514076&qH=e14a1b7a30fecf87
<sha256 _hashlib.HASH object @ 0x1427cb410>,"neutrogena ultra sheer dry touch sunblock spf 50+ sunscreen for women and men, 30ml - spf 50+ pa+++",258.0,https://www.flipkart.com/neutrogena-ultra-sheer-dry-touch-sunblock-spf-50-sunscreen-women-men-30ml-pa/p/itm1909398648ad8?pid=SNRG27XZUBXQ8YGH&lid=LSTSNRG27XZUBXQ8YGHTSXWDC&marketplace=FLIPKART&q=neutrogena+sunscreen&store=search.flipkart.com&srno=s_1_5&otracker=search&fm=organic&iid=2a7b301a-7d86-4a77-9e98-57c07278a121.SNRG27XZUBXQ8YGH.SEARCH&ppt=None&ppn=None&ssid=g7s1k6suxc0000001678595514076&qH=e14a1b7a30fecf87
<sha256 _hashlib.HASH object @ 0x1427cb450>,neutrogena ultra sheer sunblock cream - spf 50 for better sun protection - spf 50+ pa+++,517.0,https://www.flipkart.com/neutrogena-ultra-sheer-sunblock-cream-spf-50-better-sun-protection-50-pa/p/itm96058d3eb67cf?pid=SNRFPKPJNXPRZGZ5&lid=LSTSNRFPKPJNXPRZGZ5SL77VT&marketplace=FLIPKART&q=neutrogena+sunscreen&store=search.flipkart.com&srno=s_1_6&otracker=search&fm=organic&iid=2a7b301a-7d86-4a77-9e98-57c07278a121.SNRFPKPJNXPRZGZ5.SEARCH&ppt=None&ppn=None&ssid=g7s1k6suxc0000001678595514076&qH=e14a1b7a30fecf87
<sha256 _hashlib.HASH object @ 0x1427cb410>,neutrogena ultra sheer dry touch sunblock spf 50+ pa+++ 88 ml (imported) - spf 50 pa+++,661.0,https://www.flipkart.com/neutrogena-ultra-sheer-dry-touch-sunblock-spf-50-pa-88-ml-imported-50/p/itmfesvzv3n5hugr?pid=SNRFESNQZNEYJHDS&lid=LSTSNRFESNQZNEYJHDSBF1NQS&marketplace=FLIPKART&q=neutrogena+sunscreen&store=search.flipkart.com&srno=s_1_7&otracker=search&fm=organic&iid=2a7b301a-7d86-4a77-9e98-57c07278a121.SNRFESNQZNEYJHDS.SEARCH&ppt=None&ppn=None&ssid=g7s1k6suxc0000001678595514076&qH=e14a1b7a30fecf87
<sha256 _hashlib.HASH object @ 0x1427cb450>,joy revivify hello sun mattifying natural tone tinted sunscreen - spf 50 pa+++,249.0,https://www.flipkart.com/joy-revivify-hello-sun-mattifying-natural-tone-tinted-sunscreen-spf-50-pa/p/itmeb0d7de580c55?pid=SNRGMFGKK9UZHWW9&lid=LSTSNRGMFGKK9UZHWW9RWZ5EG&marketplace=FLIPKART&q=neutrogena+sunscreen&store=search.flipkart.com&srno=s_1_8&otracker=search&fm=organic&iid=en_vDJAqULfCjAD9UW5Rc6px9aEr5yL%2B%2FJswW9VoIsTKTww9XafRBDNT8rteKhR%2BT%2BCp%2BbA7n7HxEODhENi7lGK8Q%3D%3D&ppt=None&ppn=None&ssid=g7s1k6suxc0000001678595514076&qH=e14a1b7a30fecf87
<sha256 _hashlib.HASH object @ 0x1427cb410>,neutrogena moisturizer mini and sunscreen kit,710.0,https://www.flipkart.com/neutrogena-moisturizer-mini-sunscreen-kit/p/itm87ff6025bd1cc?pid=MSCGDN8BGGHAEBRQ&lid=LSTMSCGDN8BGGHAEBRQXQKPZY&marketplace=FLIPKART&q=neutrogena+sunscreen&store=search.flipkart.com&srno=s_1_9&otracker=search&fm=organic&iid=2a7b301a-7d86-4a77-9e98-57c07278a121.MSCGDN8BGGHAEBRQ.SEARCH&ppt=None&ppn=None&ssid=g7s1k6suxc0000001678595514076&qH=e14a1b7a30fecf87
<sha256 _hashlib.HASH object @ 0x1427cb450>,neutrogena ultra sheer dry-touch oxybenzone-free sunscreen lotion broad spectrum spf 70 - spf 70,1995.0,https://www.flipkart.com/neutrogena-ultra-sheer-dry-touch-oxybenzone-free-sunscreen-lotion-broad-spectrum-spf-70/p/itma223d1949142f?pid=SNRGEANTCG2PKWSA&lid=LSTSNRGEANTCG2PKWSAEVIQII&marketplace=FLIPKART&q=neutrogena+sunscreen&store=search.flipkart.com&srno=s_1_10&otracker=search&fm=organic&iid=2a7b301a-7d86-4a77-9e98-57c07278a121.SNRGEANTCG2PKWSA.SEARCH&ppt=None&ppn=None&ssid=g7s1k6suxc0000001678595514076&qH=e14a1b7a30fecf87
<sha256 _hashlib.HASH object @ 0x1427cb410>,neutrogena sheer zinc dry -touch sunscreen lotion - spf 50+ pa+++,833.0,https://www.flipkart.com/neutrogena-sheer-zinc-dry-touch-sunscreen-lotion-spf-50-pa/p/itm58b93581da1cd?pid=SNRG33FGNE8ZHZSY&lid=LSTSNRG33FGNE8ZHZSYRBV1QS&marketplace=FLIPKART&q=neutrogena+sunscreen&store=search.flipkart.com&srno=s_1_11&otracker=search&fm=organic&iid=2a7b301a-7d86-4a77-9e98-57c07278a121.SNRG33FGNE8ZHZSY.SEARCH&ppt=None&ppn=None&ssid=g7s1k6suxc0000001678595514076&qH=e14a1b7a30fecf87
<sha256 _hashlib.HASH object @ 0x1427cb450>,joy revivify hello sun chemical-free mineral sunscreen - spf 50 pa++++,249.0,https://www.flipkart.com/joy-revivify-hello-sun-chemical-free-mineral-sunscreen-spf-50-pa/p/itm86fd37bec1112?pid=SNRGMFGVNDUFUDQC&lid=LSTSNRGMFGVNDUFUDQC8E1EKR&marketplace=FLIPKART&q=neutrogena+sunscreen&store=search.flipkart.com&srno=s_1_12&otracker=search&fm=organic&iid=en_vDJAqULfCjAD9UW5Rc6px9aEr5yL%2B%2FJswW9VoIsTKTxm7RvrFFSkcqtRCLsJpuu4M2PAVhFQvG1jwW%2BFQl%2FJZg%3D%3D&ppt=None&ppn=None&ssid=g7s1k6suxc0000001678595514076&qH=e14a1b7a30fecf87
<sha256 _hashlib.HASH object @ 0x1427cb410>,neutrogena ultra sheer dry-touch sunblock spf 50+ 88ml set / 1 - spf 50+ pa+++,661.0,https://www.flipkart.com/neutrogena-ultra-sheer-dry-touch-sunblock-spf-50-88ml-set-1-pa/p/itm721416aa67834?pid=SNRGDZ8SRCACNKEZ&lid=LSTSNRGDZ8SRCACNKEZMPPFBA&marketplace=FLIPKART&q=neutrogena+sunscreen&store=search.flipkart.com&srno=s_1_13&otracker=search&fm=organic&iid=2a7b301a-7d86-4a77-9e98-57c07278a121.SNRGDZ8SRCACNKEZ.SEARCH&ppt=None&ppn=None&ssid=g7s1k6suxc0000001678595514076&qH=e14a1b7a30fecf87
<sha256 _hashlib.HASH object @ 0x1427cb450>,neutrogena sheer zinc dry-touch sunscreen spf 50+ [80ml] pack of 1 - spf 50+ pa+++,820.0,https://www.flipkart.com/neutrogena-sheer-zinc-dry-touch-sunscreen-spf-50-80ml-pack-1-pa/p/itmb672e467b710b?pid=SNRGDPAZ26HFTS2E&lid=LSTSNRGDPAZ26HFTS2EOBFKT4&marketplace=FLIPKART&q=neutrogena+sunscreen&store=search.flipkart.com&srno=s_1_14&otracker=search&fm=organic&iid=2a7b301a-7d86-4a77-9e98-57c07278a121.SNRGDPAZ26HFTS2E.SEARCH&ppt=None&ppn=None&ssid=g7s1k6suxc0000001678595514076&qH=e14a1b7a30fecf87
<sha256 _hashlib.HASH object @ 0x1427cb410>,neutrogena ultra sheer dry touch sunblock - spf 50+ pa+++,1037.0,https://www.flipkart.com/neutrogena-ultra-sheer-dry-touch-sunblock-spf-50-pa/p/itmfh5gbhtbjfz3c?pid=SNRFXYCZHFQMWXZG&lid=LSTSNRFXYCZHFQMWXZGK5KLOI&marketplace=FLIPKART&q=neutrogena+sunscreen&store=search.flipkart.com&srno=s_1_15&otracker=search&fm=organic&iid=2a7b301a-7d86-4a77-9e98-57c07278a121.SNRFXYCZHFQMWXZG.SEARCH&ppt=None&ppn=None&ssid=g7s1k6suxc0000001678595514076&qH=e14a1b7a30fecf87
<sha256 _hashlib.HASH object @ 0x1427cb450>,joy revivify hello sun ultra matte dry touch all day activate sunscreen - spf 50 pa++++,275.0,https://www.flipkart.com/joy-revivify-hello-sun-ultra-matte-dry-touch-all-day-activate-sunscreen-spf-50-pa/p/itmd4b3b27fdbe59?pid=SNRGM5QF8G4J9RAC&lid=LSTSNRGM5QF8G4J9RAC5OE6ET&marketplace=FLIPKART&q=neutrogena+sunscreen&store=search.flipkart.com&srno=s_1_16&otracker=search&fm=organic&iid=en_vDJAqULfCjAD9UW5Rc6px9aEr5yL%2B%2FJswW9VoIsTKTxQ6OkSh67wNtM%2B1v4%2FKWWCl7GDKC0mdfjqfe5FXz4rhw%3D%3D&ppt=None&ppn=None&ssid=g7s1k6suxc0000001678595514076&qH=e14a1b7a30fecf87
<sha256 _hashlib.HASH object @ 0x1427cb410>,neutrogena ultra sheer dry touch sunblock 30ml spf 50+ (pack of 2),520.0,https://www.flipkart.com/neutrogena-ultra-sheer-dry-touch-sunblock-30ml-spf-50-pack-2/p/itmfgqgsm4wcaghk?pid=CBKFGQGSFXMDN72Y&lid=LSTCBKFGQGSFXMDN72YQH5DVY&marketplace=FLIPKART&q=neutrogena+sunscreen&store=search.flipkart.com&srno=s_1_17&otracker=search&fm=organic&iid=2a7b301a-7d86-4a77-9e98-57c07278a121.CBKFGQGSFXMDN72Y.SEARCH&ppt=None&ppn=None&ssid=g7s1k6suxc0000001678595514076&qH=e14a1b7a30fecf87
<sha256 _hashlib.HASH object @ 0x1427cb450>,neutrogena ultra sheer dry touch sunblock spf 50 light clean feel - spf 50 pa+++,660.0,https://www.flipkart.com/neutrogena-ultra-sheer-dry-touch-sunblock-spf-50-light-clean-feel-pa/p/itmf3ybdyhpaaaty?pid=SNREGNXHZEYKZSHH&lid=LSTSNREGNXHZEYKZSHH7GOCKM&marketplace=FLIPKART&q=neutrogena+sunscreen&store=search.flipkart.com&srno=s_1_18&otracker=search&fm=organic&iid=2a7b301a-7d86-4a77-9e98-57c07278a121.SNREGNXHZEYKZSHH.SEARCH&ppt=None&ppn=None&ssid=g7s1k6suxc0000001678595514076&qH=e14a1b7a30fecf87
<sha256 _hashlib.HASH object @ 0x1427cb410>,neutrogena pure & free baby mineral sunscreen - spf 50,2137.0,https://www.flipkart.com/neutrogena-pure-free-baby-mineral-sunscreen-spf-50/p/itm186b9a195c256?pid=SNRGJGY8HGDZGXPS&lid=LSTSNRGJGY8HGDZGXPSQZZJLV&marketplace=FLIPKART&q=neutrogena+sunscreen&store=search.flipkart.com&srno=s_1_19&otracker=search&fm=organic&iid=2a7b301a-7d86-4a77-9e98-57c07278a121.SNRGJGY8HGDZGXPS.SEARCH&ppt=None&ppn=None&ssid=g7s1k6suxc0000001678595514076&qH=e14a1b7a30fecf87
<sha256 _hashlib.HASH object @ 0x1427cb450>,joy hello sun sunblock & anti tan daily brightening body serum - spf 35 pa+++,245.0,https://www.flipkart.com/joy-hello-sun-sunblock-anti-tan-daily-brightening-body-serum-spf-35-pa/p/itm36722be16ec13?pid=SNRGNYZX7ZF6QVQH&lid=LSTSNRGNYZX7ZF6QVQH1N73AI&marketplace=FLIPKART&q=neutrogena+sunscreen&store=search.flipkart.com&srno=s_1_20&otracker=search&fm=organic&iid=en_vDJAqULfCjAD9UW5Rc6px9aEr5yL%2B%2FJswW9VoIsTKTx%2BlGDew0%2FccKJ1meIb8VOtG5H6HG%2FL60MQ8xTNlLZs8g%3D%3D&ppt=None&ppn=None&ssid=g7s1k6suxc0000001678595514076&qH=e14a1b7a30fecf87
<sha256 _hashlib.HASH object @ 0x1427cb410>,neutrogena ultra sheer dry touch sunblock - spf 50 pa+++,661.0,https://www.flipkart.com/neutrogena-ultra-sheer-dry-touch-sunblock-spf-50-pa/p/itmd9avjhpfpuvyd?pid=SNRD92RVTH68W8RK&lid=LSTSNRD92RVTH68W8RKT6KJRY&marketplace=FLIPKART&q=neutrogena+sunscreen&store=search.flipkart.com&srno=s_1_21&otracker=search&fm=organic&iid=2a7b301a-7d86-4a77-9e98-57c07278a121.SNRD92RVTH68W8RK.SEARCH&ppt=None&ppn=None&ssid=g7s1k6suxc0000001678595514076&qH=e14a1b7a30fecf87
<sha256 _hashlib.HASH object @ 0x1427cb450>,neutrogena sheer zinc dry touch pure screen 80ml + ultra sheer dry touch 88ml sunblock sunscreen broad spectrum uva\uvb pack of 2 - spf 50+ pa+++,1495.0,https://www.flipkart.com/neutrogena-sheer-zinc-dry-touch-pure-screen-80ml-ultra-88ml-sunblock-sunscreen-broad-spectrum-uva-uvb-pack-2-spf-50-pa/p/itm901e49e4200f1?pid=SNRG3VXETKVUHYDK&lid=LSTSNRG3VXETKVUHYDKNNDZJB&marketplace=FLIPKART&q=neutrogena+sunscreen&store=search.flipkart.com&srno=s_1_22&otracker=search&fm=organic&iid=2a7b301a-7d86-4a77-9e98-57c07278a121.SNRG3VXETKVUHYDK.SEARCH&ppt=None&ppn=None&ssid=g7s1k6suxc0000001678595514076&qH=e14a1b7a30fecf87
<sha256 _hashlib.HASH object @ 0x1427cb410>,neutrogena ultra sheer sunblock cream - spf 50+ pa+++,675.0,https://www.flipkart.com/neutrogena-ultra-sheer-sunblock-cream-spf-50-pa/p/itmf3ybdar9kszpf?pid=SNRETMHEKESQA2NG&lid=LSTSNRETMHEKESQA2NGLUDUHI&marketplace=FLIPKART&q=neutrogena+sunscreen&store=search.flipkart.com&srno=s_1_23&otracker=search&fm=organic&iid=2a7b301a-7d86-4a77-9e98-57c07278a121.SNRETMHEKESQA2NG.SEARCH&ppt=None&ppn=None&ssid=g7s1k6suxc0000001678595514076&qH=e14a1b7a30fecf87
<sha256 _hashlib.HASH object @ 0x1427cb450>,"earth rhythm sunscreen spf 50 for all type skin, pa++++, non sticky, non greasy - 30 ml - spf spf 50 tube 30ml pa++++",219.0,https://www.flipkart.com/earth-rhythm-sunscreen-spf-50-all-type-skin-pa-non-sticky-greasy-30-ml-tube-30ml-pa/p/itm615e6e15ceb2c?pid=SNRGKGMFX9GQTNHR&lid=LSTSNRGKGMFX9GQTNHRYFNMH7&marketplace=FLIPKART&q=neutrogena+sunscreen&store=search.flipkart.com&srno=s_1_24&otracker=search&fm=organic&iid=en_vDJAqULfCjAD9UW5Rc6px9aEr5yL%2B%2FJswW9VoIsTKTwEfkBNNWy59ZgXCPfMGE0v63EKiW%2FEsoKBdWFA4pEv0g%3D%3D&ppt=None&ppn=None&ssid=g7s1k6suxc0000001678595514076&qH=e14a1b7a30fecf87
<sha256 _hashlib.HASH object @ 0x1427cb410>,neutrogena moisturise & protect combo- ultra sheer dry touch sunblock with oil-free moisture for combination skin,735.0,https://www.flipkart.com/neutrogena-moisturise-protect-combo-ultra-sheer-dry-touch-sunblock-oil-free-moisture-combination-skin/p/itmfgqwgffphyecy?pid=CBKFGQWGPNNKZFJG&lid=LSTCBKFGQWGPNNKZFJGPWOJHR&marketplace=FLIPKART&q=neutrogena+sunscreen&store=search.flipkart.com&srno=s_1_25&otracker=search&fm=organic&iid=2a7b301a-7d86-4a77-9e98-57c07278a121.CBKFGQWGPNNKZFJG.SEARCH&ppt=None&ppn=None&ssid=g7s1k6suxc0000001678595514076&qH=e14a1b7a30fecf87
<sha256 _hashlib.HASH object @ 0x1427cb450>,neutrogena beach defense water-resistant face & body sunscreen stick 1.5 oz - spf 50+,1264.0,https://www.flipkart.com/neutrogena-beach-defense-water-resistant-face-body-sunscreen-stick-1-5-oz-spf-50/p/itmf0dade79f6a86?pid=SNRGDE449TJHR3ED&lid=LSTSNRGDE449TJHR3EDG2FWRC&marketplace=FLIPKART&q=neutrogena+sunscreen&store=search.flipkart.com&srno=s_1_26&otracker=search&fm=organic&iid=2a7b301a-7d86-4a77-9e98-57c07278a121.SNRGDE449TJHR3ED.SEARCH&ppt=None&ppn=None&ssid=g7s1k6suxc0000001678595514076&qH=e14a1b7a30fecf87
<sha256 _hashlib.HASH object @ 0x1427cb410>,neutrogena beach defense sunscreen spray spf 50 water-resistant sunscreen body spray - spf 50 pa+,2250.0,https://www.flipkart.com/neutrogena-beach-defense-sunscreen-spray-spf-50-water-resistant-body-pa/p/itm91954cd48e114?pid=SNRGFDXUXPC6RTJG&lid=LSTSNRGFDXUXPC6RTJGKRTGAB&marketplace=FLIPKART&q=neutrogena+sunscreen&store=search.flipkart.com&srno=s_1_27&otracker=search&fm=organic&iid=2a7b301a-7d86-4a77-9e98-57c07278a121.SNRGFDXUXPC6RTJG.SEARCH&ppt=None&ppn=None&ssid=g7s1k6suxc0000001678595514076&qH=e14a1b7a30fecf87
<sha256 _hashlib.HASH object @ 0x1427cb450>,"earth rhythm sunscreen spf 50 for all type skin, pa++++, non sticky, non greasy - 50 ml - spf spf 50 tube pa++++",369.0,https://www.flipkart.com/earth-rhythm-sunscreen-spf-50-all-type-skin-pa-non-sticky-greasy-ml-tube-pa/p/itmefefc2ec77acf?pid=SNRGDQE2FPBK5GMY&lid=LSTSNRGDQE2FPBK5GMY4GVHR6&marketplace=FLIPKART&q=neutrogena+sunscreen&store=search.flipkart.com&srno=s_1_28&otracker=search&fm=organic&iid=en_vDJAqULfCjAD9UW5Rc6px9aEr5yL%2B%2FJswW9VoIsTKTx%2BDQUvbeHUPGLCmzgFK0eAjKSKNTKLRCDRRpJh3oabvw%3D%3D&ppt=None&ppn=None&ssid=g7s1k6suxc0000001678595514076&qH=e14a1b7a30fecf87
<sha256 _hashlib.HASH object @ 0x1427cb410>,neutrogena ultra sheer dry-touch sunblock spf 50+ 88ml pack / 1 - spf 50+ pa+++,657.0,https://www.flipkart.com/neutrogena-ultra-sheer-dry-touch-sunblock-spf-50-88ml-pack-1-pa/p/itm86cdc97842e8b?pid=SNRGDZ8RXJVHW4UC&lid=LSTSNRGDZ8RXJVHW4UCJTXFOJ&marketplace=FLIPKART&q=neutrogena+sunscreen&store=search.flipkart.com&srno=s_1_29&otracker=search&fm=organic&iid=2a7b301a-7d86-4a77-9e98-57c07278a121.SNRGDZ8RXJVHW4UC.SEARCH&ppt=None&ppn=None&ssid=g7s1k6suxc0000001678595514076&qH=e14a1b7a30fecf87
<sha256 _hashlib.HASH object @ 0x1427cb450>,neutrogena sheer dry touch sunscreen spf50+ (for sensitive skin)(80ml) - spf 50+ pa+,815.0,https://www.flipkart.com/neutrogena-sheer-dry-touch-sunscreen-spf50-for-sensitive-skin-80ml-spf-50-pa/p/itm1da4f42769df9?pid=SNRFR9ZTHGBYAREH&lid=LSTSNRFR9ZTHGBYAREHLMI4XZ&marketplace=FLIPKART&q=neutrogena+sunscreen&store=search.flipkart.com&srno=s_1_30&otracker=search&fm=organic&iid=2a7b301a-7d86-4a77-9e98-57c07278a121.SNRFR9ZTHGBYAREH.SEARCH&ppt=None&ppn=None&ssid=g7s1k6suxc0000001678595514076&qH=e14a1b7a30fecf87
<sha256 _hashlib.HASH object @ 0x1427cb410>,neutrogena ultra sheer dry-touch sunblock - spf 50 pa+++,661.0,https://www.flipkart.com/neutrogena-ultra-sheer-dry-touch-sunblock-spf-50-pa/p/itmf3ybdznyztyzp?pid=SNRE564S6EM5AY7C&lid=LSTSNRE564S6EM5AY7CBOTSGM&marketplace=FLIPKART&q=neutrogena+sunscreen&store=search.flipkart.com&srno=s_1_31&otracker=search&fm=organic&iid=2a7b301a-7d86-4a77-9e98-57c07278a121.SNRE564S6EM5AY7C.SEARCH&ppt=None&ppn=None&ssid=g7s1k6suxc0000001678595514076&qH=e14a1b7a30fecf87
<sha256 _hashlib.HASH object @ 0x1427cb450>,globus sunscreen lotion with fairness spf 50 pa+++ pack of 3 - spf 50 pa+++,299.0,https://www.flipkart.com/globus-sunscreen-lotion-fairness-spf-50-pa-pack-3/p/itmf3ybdvah6wqcg?pid=SNREVHTBUPNZS5WG&lid=LSTSNREVHTBUPNZS5WGBPWJHN&marketplace=FLIPKART&q=neutrogena+sunscreen&store=search.flipkart.com&srno=s_1_32&otracker=search&fm=organic&iid=en_vDJAqULfCjAD9UW5Rc6px9aEr5yL%2B%2FJswW9VoIsTKTxdHvx9WocW03hb1gU%2BTA7SQyFoO4CXq0jMLk3b4p2hNA%3D%3D&ppt=None&ppn=None&ssid=g7s1k6suxc0000001678595514076&qH=e14a1b7a30fecf87
<sha256 _hashlib.HASH object @ 0x1427cb410>,neutrogena sheer zinc face mineral face mineral sunscreen broad spectrum oil free 2 fl. oz - spf 50,1612.0,https://www.flipkart.com/neutrogena-sheer-zinc-face-mineral-sunscreen-broad-spectrum-oil-free-2-fl-oz-spf-50/p/itmf9156585dccfd?pid=SNRGDD4ZFJC7HFXE&lid=LSTSNRGDD4ZFJC7HFXENYTA9Q&marketplace=FLIPKART&q=neutrogena+sunscreen&store=search.flipkart.com&srno=s_1_33&otracker=search&fm=organic&iid=2a7b301a-7d86-4a77-9e98-57c07278a121.SNRGDD4ZFJC7HFXE.SEARCH&ppt=None&ppn=None&ssid=g7s1k6suxc0000001678595514076&qH=e14a1b7a30fecf87
<sha256 _hashlib.HASH object @ 0x1427cb450>,neutrogena ultra sheer sunblock sunscreen 50+ for man & women,653.0,https://www.flipkart.com/neutrogena-ultra-sheer-sunblock-sunscreen-50-man-women/p/itmdd4057adf2ac4?pid=MSCG3AMW8ZTGK2GR&lid=LSTMSCG3AMW8ZTGK2GRJ2MUHR&marketplace=FLIPKART&q=neutrogena+sunscreen&store=search.flipkart.com&srno=s_1_34&otracker=search&fm=organic&iid=2a7b301a-7d86-4a77-9e98-57c07278a121.MSCG3AMW8ZTGK2GR.SEARCH&ppt=None&ppn=None&ssid=g7s1k6suxc0000001678595514076&qH=e14a1b7a30fecf87
<sha256 _hashlib.HASH object @ 0x1427cb410>,neutrogena ultra sheer dry touch sunblock sks - spf 50+ pa+++,1350.0,https://www.flipkart.com/neutrogena-ultra-sheer-dry-touch-sunblock-sks-spf-50-pa/p/itm46610606bdfdd?pid=SNRFXF4G2MZJC4XH&lid=LSTSNRFXF4G2MZJC4XHNQF37A&marketplace=FLIPKART&q=neutrogena+sunscreen&store=search.flipkart.com&srno=s_1_35&otracker=search&fm=organic&iid=2a7b301a-7d86-4a77-9e98-57c07278a121.SNRFXF4G2MZJC4XH.SEARCH&ppt=None&ppn=None&ssid=g7s1k6suxc0000001678595514076&qH=e14a1b7a30fecf87
<sha256 _hashlib.HASH object @ 0x1427cb450>,vlcc fair plus glow sun screen lotion - spf 20 pa++,190.0,https://www.flipkart.com/vlcc-fair-plus-glow-sun-screen-lotion-spf-20-pa/p/itmf3ybdggzmgbgy?pid=SNRF22X6URTV2Q2P&lid=LSTSNRF22X6URTV2Q2PZFZFRI&marketplace=FLIPKART&q=neutrogena+sunscreen&store=search.flipkart.com&srno=s_1_36&otracker=search&fm=organic&iid=en_vDJAqULfCjAD9UW5Rc6px9aEr5yL%2B%2FJswW9VoIsTKTzLd0QLlJjV2bRyiBTQNAQdnfaXjuiUFLpzNjb732ZL7g%3D%3D&ppt=None&ppn=None&ssid=g7s1k6suxc0000001678595514076&qH=e14a1b7a30fecf87
<sha256 _hashlib.HASH object @ 0x1427cb410>,"neutrogena ultra sheer dry touch sunblock, white, 88 ml (pack of 2) - spf 50+ pa+++",1340.0,https://www.flipkart.com/neutrogena-ultra-sheer-dry-touch-sunblock-white-88-ml-pack-2-spf-50-pa/p/itmab126682e5aa4?pid=SNRG27YNF4ZFWS6Q&lid=LSTSNRG27YNF4ZFWS6QGA86QG&marketplace=FLIPKART&q=neutrogena+sunscreen&store=search.flipkart.com&srno=s_1_37&otracker=search&fm=organic&iid=2a7b301a-7d86-4a77-9e98-57c07278a121.SNRG27YNF4ZFWS6Q.SEARCH&ppt=None&ppn=None&ssid=g7s1k6suxc0000001678595514076&qH=e14a1b7a30fecf87
<sha256 _hashlib.HASH object @ 0x1427cb450>,neutrogena ultra sheer dry touch sunblock - pack of 2 - spf 50,1335.0,https://www.flipkart.com/neutrogena-ultra-sheer-dry-touch-sunblock-pack-2-spf-50/p/itmf3ybdb423agme?pid=SNRDXH88JFCHVQQM&lid=LSTSNRDXH88JFCHVQQMTBFC77&marketplace=FLIPKART&q=neutrogena+sunscreen&store=search.flipkart.com&srno=s_1_38&otracker=search&fm=organic&iid=2a7b301a-7d86-4a77-9e98-57c07278a121.SNRDXH88JFCHVQQM.SEARCH&ppt=None&ppn=None&ssid=g7s1k6suxc0000001678595514076&qH=e14a1b7a30fecf87
<sha256 _hashlib.HASH object @ 0x1427cb410>,neutrogena rapid wrinkle repair spf 30 - spf 30,1325.0,https://www.flipkart.com/neutrogena-rapid-wrinkle-repair-spf-30/p/itmeb2832c6717de?pid=SNRG3QRFZDBBHYM9&lid=LSTSNRG3QRFZDBBHYM96IHCHT&marketplace=FLIPKART&q=neutrogena+sunscreen&store=search.flipkart.com&srno=s_1_39&otracker=search&fm=organic&iid=2a7b301a-7d86-4a77-9e98-57c07278a121.SNRG3QRFZDBBHYM9.SEARCH&ppt=None&ppn=None&ssid=g7s1k6suxc0000001678595514076&qH=e14a1b7a30fecf87
<sha256 _hashlib.HASH object @ 0x1427cb450>,vlcc 3d youth boost sun screen gel creme spf40 pa++ 100gm - spf 40 pa++,318.0,https://www.flipkart.com/vlcc-3d-youth-boost-sun-screen-gel-creme-spf40-pa-100gm-spf-40/p/itmf7hbzxdr52gvx?pid=SNRF7H8C97FEGYRK&lid=LSTSNRF7H8C97FEGYRKLFUP5Z&marketplace=FLIPKART&q=neutrogena+sunscreen&store=search.flipkart.com&srno=s_1_40&otracker=search&fm=organic&iid=en_vDJAqULfCjAD9UW5Rc6px9aEr5yL%2B%2FJswW9VoIsTKTyMRuHt8xuuhnEa4tKdYWz0k%2Bye5VDD%2BupXVDSqZb8H4g%3D%3D&ppt=None&ppn=None&ssid=g7s1k6suxc0000001678595514076&qH=e14a1b7a30fecf87
<sha256 _hashlib.HASH object @ 0x142afe870>,aragma - spf 50 sunscreen lotion for all skin type ( pack of 1 ),169.0,https://www.flipkart.comhttps://www.snapdeal.com/product/aragma-spf-1-sunscreen-lotion/634510575025
<sha256 _hashlib.HASH object @ 0x142afe6f0>,aragma aragma sunscreen moisturizer with spf 50 pa++ (50ml) + vitamin c face serum (30 ml)| pack of 2,269.0,https://www.flipkart.comhttps://www.snapdeal.com/product/aragma-spf-50-sunscreen-lotion/654224683993
<sha256 _hashlib.HASH object @ 0x142afe870>,"aragma sunscreen expert gel spf 50 pa++ - ultra matte finish uv block for all skin type, 50 ml",169.0,https://www.flipkart.comhttps://www.snapdeal.com/product/aragma-spf-1-sunscreen-gel/678156963612
<sha256 _hashlib.HASH object @ 0x142afe6f0>,"vlcc de- tan sunscreen gel spf 50 pa+++ light, 100 g each, pack of 2",788.0,https://www.flipkart.comhttps://www.snapdeal.com/product/vlcc-de-tan-sunscreen-gel/685444172930
<sha256 _hashlib.HASH object @ 0x142afe870>,vlcc fair plus glow sun screen lotion - spf 20 pa++ (50 ml),190.0,https://www.flipkart.comhttps://www.snapdeal.com/product/vlcc-fair-plus-glow-sun/639636425809
<sha256 _hashlib.HASH object @ 0x142afe6f0>,la shield - spf 40 sunscreen gel for all skin type ( pack of 1 ),175.0,https://www.flipkart.comhttps://www.snapdeal.com/product/la-shield-spf-40-sunscreen/667745609493
<sha256 _hashlib.HASH object @ 0x142afe870>,wow skin science sunscreen matte finish - spf 35 pa++ - daily broad spectrum - uva &uvb protection- 50 ml,145.0,https://www.flipkart.comhttps://www.snapdeal.com/product/wow-skin-science-sunscreen-lotion/626825750443
<sha256 _hashlib.HASH object @ 0x142afe710>,joy hello sun sunblock & anti tan lotion sunscreen spf 20 - 200 ml,176.0,https://www.flipkart.comhttps://www.snapdeal.com/product/joy-hello-sun-sunblock-sunscreen/639894971980
<sha256 _hashlib.HASH object @ 0x142afe6f0>,"dot & key cica niacinamide face sunscreen spf 50 pa+++, uv protection for oily, and acne prone skin - 25g",269.0,https://www.flipkart.comhttps://www.snapdeal.com/product/dot-key-sunscreen-cream-for/683999667290
<sha256 _hashlib.HASH object @ 0x142afe870>,la shield - spf 50 sunscreen gel for all skin type ( pack of 1 ),196.0,https://www.flipkart.comhttps://www.snapdeal.com/product/la-shield-spf-50-sunscreen/650888716177
<sha256 _hashlib.HASH object @ 0x142afe710>,"organic harvest sunscreen spf 30 oily with blue light technology, protects from harmful uva & uvb rays, pa+++, hydrates & nourished skin - 100gm",276.0,https://www.flipkart.comhttps://www.snapdeal.com/product/organic-harvest-sunscreen-cream-spf/622825704241
<sha256 _hashlib.HASH object @ 0x142afe6f0>,wow skin science sunscreen matte finish - spf 35 pa++ daily broad spectrum uva &uvb protection quick absorb- 100ml,279.0,https://www.flipkart.comhttps://www.snapdeal.com/product/wow-skin-science-sunscreen-lotion/676153225879
<sha256 _hashlib.HASH object @ 0x142afe710>,"wow skin science sunscreen matte finish - spf 55 pa+++ - very high broad spectrum - uva &uvb protection - quick absorb - no parabens, silicones, mineral oil, oxide, color & benzophenone - 100ml",329.0,https://www.flipkart.comhttps://www.snapdeal.com/product/wow-skin-science-sunscreen-cream/645761251825
<sha256 _hashlib.HASH object @ 0x142afe6f0>,globus remedies sunscreen lotion spf 50 pa+++ 100 g,199.0,https://www.flipkart.comhttps://www.snapdeal.com/product/globus-remedies-sunscreen-lotion-spf/626860121588
<sha256 _hashlib.HASH object @ 0x142afe870>,dr batra's sun protection sunscreen cream spf 30 100 g,298.0,https://www.flipkart.comhttps://www.snapdeal.com/product/dr-batras-sun-protection-sunscreen/647429628813
<sha256 _hashlib.HASH object @ 0x142afe6f0>,joy hello sun sunblock & anti tan lotion sunscreen spf 20 - 300 ml,229.0,https://www.flipkart.comhttps://www.snapdeal.com/product/joy-sunscreen-lotion-300-ml/659561665562
<sha256 _hashlib.HASH object @ 0x142afe870>,"wow skin science uv water transparent sunscreen spray spf 50 - quick absorbing,oil free,non sticky-with raspberry & carrot seed extract-no parabens, silicones, mineral oil, color & benzophenone-100ml",326.0,https://www.flipkart.comhttps://www.snapdeal.com/product/wow-skin-science-sunscreen-lotion/682394918941
<sha256 _hashlib.HASH object @ 0x142afe710>,lotus herbals safe sun dry-touch whitening spf-40 50g,299.0,https://www.flipkart.comhttps://www.snapdeal.com/product/lotus-herbals-sunscreen-cream-for/620306383172
<sha256 _hashlib.HASH object @ 0x142afe6f0>,"lotus herbals safe sun sunscreen cream spf 20, pa+ 50g",189.0,https://www.flipkart.comhttps://www.snapdeal.com/product/lotus-herbals-sunscreen-cream-for/676359744066
<sha256 _hashlib.HASH object @ 0x142afe710>,joy hello sun sunblock & anti tan lotion sunscreen spf 40 - 120 ml,229.0,https://www.flipkart.comhttps://www.snapdeal.com/product/joy-sunscreen-lotion-120-ml/675669078310
